timestamp_unix,timestamp_utc,price
1767646815,"2026-01-05T21:00:15Z",0.585
1767650430,"2026-01-05T22:00:30Z",0.585
1767654013,"2026-01-05T23:00:13Z",0.585
1767657619,"2026-01-06T00:00:19Z",0.585
1767661219,"2026-01-06T01:00:19Z",0.58
1767664814,"2026-01-06T02:00:14Z",0.58
1767668415,"2026-01-06T03:00:15Z",0.58
1767672016,"2026-01-06T04:00:16Z",0.59
1767675613,"2026-01-06T05:00:13Z",0.59
1767679219,"2026-01-06T06:00:19Z",0.59
1767682817,"2026-01-06T07:00:17Z",0.585
1767686418,"2026-01-06T08:00:18Z",0.585
1767690016,"2026-01-06T09:00:16Z",0.585
1767693613,"2026-01-06T10:00:13Z",0.595
1767697218,"2026-01-06T11:00:18Z",0.595
1767700816,"2026-01-06T12:00:16Z",0.585
1767704425,"2026-01-06T13:00:25Z",0.59
1767708015,"2026-01-06T14:00:15Z",0.59
1767711620,"2026-01-06T15:00:20Z",0.595
1767715214,"2026-01-06T16:00:14Z",0.595
1767718817,"2026-01-06T17:00:17Z",0.59
1767722415,"2026-01-06T18:00:15Z",0.585
1767726014,"2026-01-06T19:00:14Z",0.585
1767729614,"2026-01-06T20:00:14Z",0.585
1767733215,"2026-01-06T21:00:15Z",0.59
1767736814,"2026-01-06T22:00:14Z",0.59
1767740426,"2026-01-06T23:00:26Z",0.585
1767744017,"2026-01-07T00:00:17Z",0.59
1767747613,"2026-01-07T01:00:13Z",0.585
1767751214,"2026-01-07T02:00:14Z",0.615
1767754816,"2026-01-07T03:00:16Z",0.59
1767758413,"2026-01-07T04:00:13Z",0.605
1767762014,"2026-01-07T05:00:14Z",0.6
1767765620,"2026-01-07T06:00:20Z",0.6
1767769214,"2026-01-07T07:00:14Z",0.595
1767772816,"2026-01-07T08:00:16Z",0.595
1767776416,"2026-01-07T09:00:16Z",0.595
1767780019,"2026-01-07T10:00:19Z",0.595
1767783613,"2026-01-07T11:00:13Z",0.595
1767787221,"2026-01-07T12:00:21Z",0.595
1767790815,"2026-01-07T13:00:15Z",0.595
1767794414,"2026-01-07T14:00:14Z",0.59
1767798019,"2026-01-07T15:00:19Z",0.59
1767801615,"2026-01-07T16:00:15Z",0.59
1767805220,"2026-01-07T17:00:20Z",0.59
1767808816,"2026-01-07T18:00:16Z",0.59
1767812416,"2026-01-07T19:00:16Z",0.59
1767816015,"2026-01-07T20:00:15Z",0.59
1767819622,"2026-01-07T21:00:22Z",0.59
1767823219,"2026-01-07T22:00:19Z",0.59
1767826815,"2026-01-07T23:00:15Z",0.605
1767830432,"2026-01-08T00:00:32Z",0.605
1767834028,"2026-01-08T01:00:28Z",0.605
1767837614,"2026-01-08T02:00:14Z",0.605
1767841216,"2026-01-08T03:00:16Z",0.605
1767844814,"2026-01-08T04:00:14Z",0.6
1767848414,"2026-01-08T05:00:14Z",0.6
1767852016,"2026-01-08T06:00:16Z",0.6
1767855615,"2026-01-08T07:00:15Z",0.6
1767859225,"2026-01-08T08:00:25Z",0.6
1767862815,"2026-01-08T09:00:15Z",0.595
1767866427,"2026-01-08T10:00:27Z",0.595
1767870015,"2026-01-08T11:00:15Z",0.595
1767873630,"2026-01-08T12:00:30Z",0.59
1767877214,"2026-01-08T13:00:14Z",0.595
1767880818,"2026-01-08T14:00:18Z",0.605
1767884416,"2026-01-08T15:00:16Z",0.6
1767888029,"2026-01-08T16:00:29Z",0.6
1767891619,"2026-01-08T17:00:19Z",0.605
1767895216,"2026-01-08T18:00:16Z",0.605
1767898815,"2026-01-08T19:00:15Z",0.605
1767902416,"2026-01-08T20:00:16Z",0.605
1767906017,"2026-01-08T21:00:17Z",0.605
1767909617,"2026-01-08T22:00:17Z",0.615
1767913217,"2026-01-08T23:00:17Z",0.615
1767916817,"2026-01-09T00:00:17Z",0.615
1767920415,"2026-01-09T01:00:15Z",0.615
1767924015,"2026-01-09T02:00:15Z",0.605
1767927617,"2026-01-09T03:00:17Z",0.605
1767931215,"2026-01-09T04:00:15Z",0.605
1767934815,"2026-01-09T05:00:15Z",0.605
1767938417,"2026-01-09T06:00:17Z",0.605
1767942014,"2026-01-09T07:00:14Z",0.605
1767945615,"2026-01-09T08:00:15Z",0.605
1767949216,"2026-01-09T09:00:16Z",0.61
1767952816,"2026-01-09T10:00:16Z",0.61
1767956414,"2026-01-09T11:00:14Z",0.61
1767960031,"2026-01-09T12:00:31Z",0.605
1767963615,"2026-01-09T13:00:15Z",0.605
1767967215,"2026-01-09T14:00:15Z",0.66
1767970818,"2026-01-09T15:00:18Z",0.675
1767974417,"2026-01-09T16:00:17Z",0.675
1767978019,"2026-01-09T17:00:19Z",0.67
1767981619,"2026-01-09T18:00:19Z",0.675
1767985216,"2026-01-09T19:00:16Z",0.675
1767988829,"2026-01-09T20:00:29Z",0.675
1767992418,"2026-01-09T21:00:18Z",0.675
1767996017,"2026-01-09T22:00:17Z",0.675
1767999615,"2026-01-09T23:00:15Z",0.675
1768003218,"2026-01-10T00:00:18Z",0.675
1768006817,"2026-01-10T01:00:17Z",0.685
1768010414,"2026-01-10T02:00:14Z",0.685
1768014017,"2026-01-10T03:00:17Z",0.68
1768017614,"2026-01-10T04:00:14Z",0.68
1768021214,"2026-01-10T05:00:14Z",0.68
1768024818,"2026-01-10T06:00:18Z",0.68
1768028415,"2026-01-10T07:00:15Z",0.68
1768032030,"2026-01-10T08:00:30Z",0.695
1768035618,"2026-01-10T09:00:18Z",0.69
1768039217,"2026-01-10T10:00:17Z",0.7
1768042816,"2026-01-10T11:00:16Z",0.68
1768046420,"2026-01-10T12:00:20Z",0.68
1768050016,"2026-01-10T13:00:16Z",0.69
1768053619,"2026-01-10T14:00:19Z",0.685
1768057218,"2026-01-10T15:00:18Z",0.685
1768060827,"2026-01-10T16:00:27Z",0.685
1768064419,"2026-01-10T17:00:19Z",0.685
1768068020,"2026-01-10T18:00:20Z",0.69
1768071615,"2026-01-10T19:00:15Z",0.69
1768075215,"2026-01-10T20:00:15Z",0.69
1768078821,"2026-01-10T21:00:21Z",0.705
1768082416,"2026-01-10T22:00:16Z",0.695
1768086028,"2026-01-10T23:00:28Z",0.695
1768089616,"2026-01-11T00:00:16Z",0.69
1768093214,"2026-01-11T01:00:14Z",0.69
1768096827,"2026-01-11T02:00:27Z",0.675
1768100415,"2026-01-11T03:00:15Z",0.69
1768104015,"2026-01-11T04:00:15Z",0.69
1768107612,"2026-01-11T05:00:12Z",0.69
1768111216,"2026-01-11T06:00:16Z",0.69
1768114815,"2026-01-11T07:00:15Z",0.69
1768118414,"2026-01-11T08:00:14Z",0.69
1768122013,"2026-01-11T09:00:13Z",0.69
1768125611,"2026-01-11T10:00:11Z",0.675
1768129224,"2026-01-11T11:00:24Z",0.67
1768132815,"2026-01-11T12:00:15Z",0.67
1768136414,"2026-01-11T13:00:14Z",0.67
1768140014,"2026-01-11T14:00:14Z",0.675
1768143626,"2026-01-11T15:00:26Z",0.675
1768147212,"2026-01-11T16:00:12Z",0.675
1768150826,"2026-01-11T17:00:26Z",0.675
1768154418,"2026-01-11T18:00:18Z",0.68
1768158015,"2026-01-11T19:00:15Z",0.68
1768161617,"2026-01-11T20:00:17Z",0.68
1768165234,"2026-01-11T21:00:34Z",0.68
1768168817,"2026-01-11T22:00:17Z",0.68
1768172414,"2026-01-11T23:00:14Z",0.68
1768176018,"2026-01-12T00:00:18Z",0.68
1768179614,"2026-01-12T01:00:14Z",0.685
1768183224,"2026-01-12T02:00:24Z",0.685
1768186831,"2026-01-12T03:00:31Z",0.68
1768190415,"2026-01-12T04:00:15Z",0.68
1768194014,"2026-01-12T05:00:14Z",0.68
1768197615,"2026-01-12T06:00:15Z",0.68
1768201215,"2026-01-12T07:00:15Z",0.68
1768204816,"2026-01-12T08:00:16Z",0.685
1768208415,"2026-01-12T09:00:15Z",0.68
1768212013,"2026-01-12T10:00:13Z",0.68
1768215624,"2026-01-12T11:00:24Z",0.68
1768219222,"2026-01-12T12:00:22Z",0.68
1768222815,"2026-01-12T13:00:15Z",0.685
1768226413,"2026-01-12T14:00:13Z",0.685
1768230018,"2026-01-12T15:00:18Z",0.69
1768233613,"2026-01-12T16:00:13Z",0.69
1768237215,"2026-01-12T17:00:15Z",0.66
1768240843,"2026-01-12T18:00:43Z",0.67
1768244415,"2026-01-12T19:00:15Z",0.685
1768248018,"2026-01-12T20:00:18Z",0.675
1768251619,"2026-01-12T21:00:19Z",0.66
1768255243,"2026-01-12T22:00:43Z",0.675
1768258819,"2026-01-12T23:00:19Z",0.675
1768262418,"2026-01-13T00:00:18Z",0.68
1768269614,"2026-01-13T02:00:14Z",0.685
1768273219,"2026-01-13T03:00:19Z",0.685
1768276815,"2026-01-13T04:00:15Z",0.685
1768280415,"2026-01-13T05:00:15Z",0.68
1768284018,"2026-01-13T06:00:18Z",0.68
1768287629,"2026-01-13T07:00:29Z",0.68
1768291228,"2026-01-13T08:00:28Z",0.68
1768294820,"2026-01-13T09:00:20Z",0.68
1768298415,"2026-01-13T10:00:15Z",0.68
1768302016,"2026-01-13T11:00:16Z",0.68
1768305621,"2026-01-13T12:00:21Z",0.685
1768309259,"2026-01-13T13:00:59Z",0.7
1768312830,"2026-01-13T14:00:30Z",0.68
1768316418,"2026-01-13T15:00:18Z",0.685
1768320026,"2026-01-13T16:00:26Z",0.7
1768323618,"2026-01-13T17:00:18Z",0.705
1768327219,"2026-01-13T18:00:19Z",0.71
1768330856,"2026-01-13T19:00:56Z",0.705
1768334415,"2026-01-13T20:00:15Z",0.705
1768338018,"2026-01-13T21:00:18Z",0.705
1768341617,"2026-01-13T22:00:17Z",0.71
1768345217,"2026-01-13T23:00:17Z",0.685
1768348819,"2026-01-14T00:00:19Z",0.675
1768352416,"2026-01-14T01:00:16Z",0.67
1768356017,"2026-01-14T02:00:17Z",0.67
1768359618,"2026-01-14T03:00:18Z",0.67
1768363217,"2026-01-14T04:00:17Z",0.67
1768366819,"2026-01-14T05:00:19Z",0.675
1768370418,"2026-01-14T06:00:18Z",0.68
1768374017,"2026-01-14T07:00:17Z",0.68
1768377631,"2026-01-14T08:00:31Z",0.68
1768381217,"2026-01-14T09:00:17Z",0.68
1768384815,"2026-01-14T10:00:15Z",0.68
1768388415,"2026-01-14T11:00:15Z",0.68
1768392020,"2026-01-14T12:00:20Z",0.68
1768395618,"2026-01-14T13:00:18Z",0.68
1768399215,"2026-01-14T14:00:15Z",0.685
1768402829,"2026-01-14T15:00:29Z",0.68
1768406430,"2026-01-14T16:00:30Z",0.68
1768410020,"2026-01-14T17:00:20Z",0.685
1768413620,"2026-01-14T18:00:20Z",0.68
1768417216,"2026-01-14T19:00:16Z",0.68
1768420817,"2026-01-14T20:00:17Z",0.68
1768424421,"2026-01-14T21:00:21Z",0.68
1768428019,"2026-01-14T22:00:19Z",0.685
1768431617,"2026-01-14T23:00:17Z",0.685
1768435220,"2026-01-15T00:00:20Z",0.71
1768438815,"2026-01-15T01:00:15Z",0.715
1768442416,"2026-01-15T02:00:16Z",0.705
1768446027,"2026-01-15T03:00:27Z",0.715
1768449617,"2026-01-15T04:00:17Z",0.715
1768453216,"2026-01-15T05:00:16Z",0.72
1768456819,"2026-01-15T06:00:19Z",0.705
1768460417,"2026-01-15T07:00:17Z",0.705
1768464016,"2026-01-15T08:00:16Z",0.705
1768467621,"2026-01-15T09:00:21Z",0.705
1768471217,"2026-01-15T10:00:17Z",0.705
1768474816,"2026-01-15T11:00:16Z",0.705
1768478420,"2026-01-15T12:00:20Z",0.71
1768482018,"2026-01-15T13:00:18Z",0.705
1768485616,"2026-01-15T14:00:16Z",0.715
1768489218,"2026-01-15T15:00:18Z",0.725
1768492816,"2026-01-15T16:00:16Z",0.725
1768496422,"2026-01-15T17:00:22Z",0.725
1768500022,"2026-01-15T18:00:22Z",0.735
1768503621,"2026-01-15T19:00:21Z",0.745
1768507219,"2026-01-15T20:00:19Z",0.75
1768510823,"2026-01-15T21:00:23Z",0.755
1768514417,"2026-01-15T22:00:17Z",0.755
1768518019,"2026-01-15T23:00:19Z",0.755
1768521623,"2026-01-16T00:00:23Z",0.765
1768525220,"2026-01-16T01:00:20Z",0.765
1768528818,"2026-01-16T02:00:18Z",0.76
1768532422,"2026-01-16T03:00:22Z",0.76
1768536017,"2026-01-16T04:00:17Z",0.755
1768539617,"2026-01-16T05:00:17Z",0.755
1768543220,"2026-01-16T06:00:20Z",0.755
1768546817,"2026-01-16T07:00:17Z",0.765
1768550418,"2026-01-16T08:00:18Z",0.765
1768554019,"2026-01-16T09:00:19Z",0.755
1768557616,"2026-01-16T10:00:16Z",0.76
1768561216,"2026-01-16T11:00:16Z",0.78
1768564821,"2026-01-16T12:00:21Z",0.805
1768568417,"2026-01-16T13:00:17Z",0.805
1768572017,"2026-01-16T14:00:17Z",0.795
1768575619,"2026-01-16T15:00:19Z",0.81
1768579217,"2026-01-16T16:00:17Z",0.795
1768582819,"2026-01-16T17:00:19Z",0.795
1768586420,"2026-01-16T18:00:20Z",0.795
1768590020,"2026-01-16T19:00:20Z",0.795
1768593617,"2026-01-16T20:00:17Z",0.8
1768597222,"2026-01-16T21:00:22Z",0.805
1768600831,"2026-01-16T22:00:31Z",0.8
1768604417,"2026-01-16T23:00:17Z",0.79
1768608020,"2026-01-17T00:00:20Z",0.8
1768611618,"2026-01-17T01:00:18Z",0.79
1768615217,"2026-01-17T02:00:17Z",0.795
1768618821,"2026-01-17T03:00:21Z",0.795
1768622416,"2026-01-17T04:00:16Z",0.795
1768626017,"2026-01-17T05:00:17Z",0.8
1768629619,"2026-01-17T06:00:19Z",0.8
1768633219,"2026-01-17T07:00:19Z",0.805
1768636817,"2026-01-17T08:00:17Z",0.805
1768640420,"2026-01-17T09:00:20Z",0.805
1768644031,"2026-01-17T10:00:31Z",0.805
1768647617,"2026-01-17T11:00:17Z",0.805
1768651226,"2026-01-17T12:00:26Z",0.8
1768654818,"2026-01-17T13:00:18Z",0.8
1768658432,"2026-01-17T14:00:32Z",0.805
1768662023,"2026-01-17T15:00:23Z",0.805
1768665617,"2026-01-17T16:00:17Z",0.805
1768669231,"2026-01-17T17:00:31Z",0.805
1768672822,"2026-01-17T18:00:22Z",0.815
1768676419,"2026-01-17T19:00:19Z",0.815
1768680030,"2026-01-17T20:00:30Z",0.81
1768683633,"2026-01-17T21:00:33Z",0.81
1768687218,"2026-01-17T22:00:18Z",0.81
1768690818,"2026-01-17T23:00:18Z",0.81
1768694429,"2026-01-18T00:00:29Z",0.805
1768698016,"2026-01-18T01:00:16Z",0.805
1768701648,"2026-01-18T02:00:48Z",0.805
1768705221,"2026-01-18T03:00:21Z",0.805
1768708819,"2026-01-18T04:00:19Z",0.81
1768712428,"2026-01-18T05:00:28Z",0.805
1768716047,"2026-01-18T06:00:47Z",0.805
1768719616,"2026-01-18T07:00:16Z",0.805
1768723241,"2026-01-18T08:00:41Z",0.81
1768726818,"2026-01-18T09:00:18Z",0.81
1768730415,"2026-01-18T10:00:15Z",0.81
1768734018,"2026-01-18T11:00:18Z",0.805
1768737636,"2026-01-18T12:00:36Z",0.805
1768741230,"2026-01-18T13:00:30Z",0.81
1768744818,"2026-01-18T14:00:18Z",0.81
1768748418,"2026-01-18T15:00:18Z",0.81
1768752015,"2026-01-18T16:00:15Z",0.81
1768755635,"2026-01-18T17:00:35Z",0.81
1768759235,"2026-01-18T18:00:35Z",0.81
1768762816,"2026-01-18T19:00:16Z",0.81
1768766419,"2026-01-18T20:00:19Z",0.805
1768770019,"2026-01-18T21:00:19Z",0.81
1768773616,"2026-01-18T22:00:16Z",0.805
1768777219,"2026-01-18T23:00:19Z",0.805
1768780817,"2026-01-19T00:00:17Z",0.805
1768788025,"2026-01-19T02:00:25Z",0.805
1768791616,"2026-01-19T03:00:16Z",0.79
1768795219,"2026-01-19T04:00:19Z",0.79
1768798824,"2026-01-19T05:00:24Z",0.79
1768802416,"2026-01-19T06:00:16Z",0.785
1768806025,"2026-01-19T07:00:25Z",0.785
1768809625,"2026-01-19T08:00:25Z",0.785
1768813218,"2026-01-19T09:00:18Z",0.785
1768816814,"2026-01-19T10:00:14Z",0.785
1768820424,"2026-01-19T11:00:24Z",0.785
1768824020,"2026-01-19T12:00:20Z",0.785
1768827613,"2026-01-19T13:00:13Z",0.79
1768831213,"2026-01-19T14:00:13Z",0.785
1768834818,"2026-01-19T15:00:18Z",0.785
1768838414,"2026-01-19T16:00:14Z",0.79
1768842028,"2026-01-19T17:00:28Z",0.79
1768845619,"2026-01-19T18:00:19Z",0.785
1768849216,"2026-01-19T19:00:16Z",0.785
1768852820,"2026-01-19T20:00:20Z",0.795
1768856418,"2026-01-19T21:00:18Z",0.79
1768860018,"2026-01-19T22:00:18Z",0.785
1768863627,"2026-01-19T23:00:27Z",0.785
1768867219,"2026-01-20T00:00:19Z",0.795
1768870814,"2026-01-20T01:00:14Z",0.785
1768874415,"2026-01-20T02:00:15Z",0.785
1768878032,"2026-01-20T03:00:32Z",0.785
1768881628,"2026-01-20T04:00:28Z",0.79
1768885230,"2026-01-20T05:00:30Z",0.785
1768888820,"2026-01-20T06:00:20Z",0.785
1768892415,"2026-01-20T07:00:15Z",0.785
1768896016,"2026-01-20T08:00:16Z",0.785
1768899616,"2026-01-20T09:00:16Z",0.785
1768903217,"2026-01-20T10:00:17Z",0.785
1768906815,"2026-01-20T11:00:15Z",0.785
1768910419,"2026-01-20T12:00:19Z",0.79
1768914016,"2026-01-20T13:00:16Z",0.79
1768917615,"2026-01-20T14:00:15Z",0.79
1768921218,"2026-01-20T15:00:18Z",0.79
1768924814,"2026-01-20T16:00:14Z",0.775
1768928416,"2026-01-20T17:00:16Z",0.785
1768932017,"2026-01-20T18:00:17Z",0.785
1768935614,"2026-01-20T19:00:14Z",0.785
1768939215,"2026-01-20T20:00:15Z",0.785
1768942835,"2026-01-20T21:00:35Z",0.785
1768946416,"2026-01-20T22:00:16Z",0.785
1768950015,"2026-01-20T23:00:15Z",0.775
1768953620,"2026-01-21T00:00:20Z",0.775
1768957215,"2026-01-21T01:00:15Z",0.775
1768960817,"2026-01-21T02:00:17Z",0.775
1768964419,"2026-01-21T03:00:19Z",0.785
1768968015,"2026-01-21T04:00:15Z",0.785
1768971615,"2026-01-21T05:00:15Z",0.79
1768975218,"2026-01-21T06:00:18Z",0.79
1768978817,"2026-01-21T07:00:17Z",0.795
1768982416,"2026-01-21T08:00:16Z",0.795
1768986037,"2026-01-21T09:00:37Z",0.795
1768989616,"2026-01-21T10:00:16Z",0.795
1768993216,"2026-01-21T11:00:16Z",0.795
1768996841,"2026-01-21T12:00:41Z",0.805
1769000416,"2026-01-21T13:00:16Z",0.805
1769004018,"2026-01-21T14:00:18Z",0.805
1769007618,"2026-01-21T15:00:18Z",0.77
1769011218,"2026-01-21T16:00:18Z",0.77
1769014822,"2026-01-21T17:00:22Z",0.77
1769018439,"2026-01-21T18:00:39Z",0.77
1769022030,"2026-01-21T19:00:30Z",0.77
1769025618,"2026-01-21T20:00:18Z",0.77
1769029252,"2026-01-21T21:00:52Z",0.76
1769032817,"2026-01-21T22:00:17Z",0.76
1769036418,"2026-01-21T23:00:18Z",0.76
1769040027,"2026-01-22T00:00:27Z",0.765
1769043616,"2026-01-22T01:00:16Z",0.77
1769047220,"2026-01-22T02:00:20Z",0.765
1769050824,"2026-01-22T03:00:24Z",0.765
1769054416,"2026-01-22T04:00:16Z",0.78
1769058016,"2026-01-22T05:00:16Z",0.775
1769061618,"2026-01-22T06:00:18Z",0.785
1769065217,"2026-01-22T07:00:17Z",0.785
1769068818,"2026-01-22T08:00:18Z",0.79
1769072424,"2026-01-22T09:00:24Z",0.795
1769076017,"2026-01-22T10:00:17Z",0.805
1769079616,"2026-01-22T11:00:16Z",0.805
1769083244,"2026-01-22T12:00:44Z",0.805
1769086817,"2026-01-22T13:00:17Z",0.805
1769090416,"2026-01-22T14:00:16Z",0.81
1769094031,"2026-01-22T15:00:31Z",0.805
1769097617,"2026-01-22T16:00:17Z",0.81
1769101220,"2026-01-22T17:00:20Z",0.825
1769104832,"2026-01-22T18:00:32Z",0.81
1769108416,"2026-01-22T19:00:16Z",0.8
1769112018,"2026-01-22T20:00:18Z",0.805
1769115625,"2026-01-22T21:00:25Z",0.81
1769119218,"2026-01-22T22:00:18Z",0.81
1769122818,"2026-01-22T23:00:18Z",0.805
1769126436,"2026-01-23T00:00:36Z",0.815
1769130016,"2026-01-23T01:00:16Z",0.82
1769133617,"2026-01-23T02:00:17Z",0.82
1769137228,"2026-01-23T03:00:28Z",0.835
1769140818,"2026-01-23T04:00:18Z",0.835
1769144415,"2026-01-23T05:00:15Z",0.835
1769148020,"2026-01-23T06:00:20Z",0.835
1769151617,"2026-01-23T07:00:17Z",0.835
1769155218,"2026-01-23T08:00:18Z",0.835
1769158820,"2026-01-23T09:00:20Z",0.825
1769162430,"2026-01-23T10:00:30Z",0.825
1769166018,"2026-01-23T11:00:18Z",0.825
1769169641,"2026-01-23T12:00:41Z",0.815
1769173216,"2026-01-23T13:00:16Z",0.815
1769176816,"2026-01-23T14:00:16Z",0.815
1769180419,"2026-01-23T15:00:19Z",0.815
1769184016,"2026-01-23T16:00:16Z",0.815
1769187635,"2026-01-23T17:00:35Z",0.815
1769191234,"2026-01-23T18:00:34Z",0.815
1769194819,"2026-01-23T19:00:19Z",0.815
1769198418,"2026-01-23T20:00:18Z",0.815
1769202020,"2026-01-23T21:00:20Z",0.805
1769205620,"2026-01-23T22:00:20Z",0.765
1769209221,"2026-01-23T23:00:21Z",0.765
1769212830,"2026-01-24T00:00:30Z",0.775
1769216418,"2026-01-24T01:00:18Z",0.79
1769220021,"2026-01-24T02:00:21Z",0.79
1769223638,"2026-01-24T03:00:38Z",0.795
1769227217,"2026-01-24T04:00:17Z",0.795
1769230838,"2026-01-24T05:00:38Z",0.795
1769234439,"2026-01-24T06:00:39Z",0.795
1769238018,"2026-01-24T07:00:18Z",0.795
1769241620,"2026-01-24T08:00:20Z",0.795
1769245225,"2026-01-24T09:00:25Z",0.795
1769248829,"2026-01-24T10:00:29Z",0.795
1769252422,"2026-01-24T11:00:22Z",0.815
1769256030,"2026-01-24T12:00:30Z",0.815
1769259618,"2026-01-24T13:00:18Z",0.805
1769263226,"2026-01-24T14:00:26Z",0.8
1769266825,"2026-01-24T15:00:25Z",0.8
1769270418,"2026-01-24T16:00:18Z",0.805
1769274022,"2026-01-24T17:00:22Z",0.8
1769277621,"2026-01-24T18:00:21Z",0.805
1769281219,"2026-01-24T19:00:19Z",0.805
1769284818,"2026-01-24T20:00:18Z",0.815
1769288427,"2026-01-24T21:00:27Z",0.81
1769292018,"2026-01-24T22:00:18Z",0.805
1769295618,"2026-01-24T23:00:18Z",0.805
1769299239,"2026-01-25T00:00:39Z",0.805
1769302817,"2026-01-25T01:00:17Z",0.805
1769306416,"2026-01-25T02:00:16Z",0.825
1769310024,"2026-01-25T03:00:24Z",0.825
1769313616,"2026-01-25T04:00:16Z",0.825
1769317216,"2026-01-25T05:00:16Z",0.825
1769320817,"2026-01-25T06:00:17Z",0.825
1769324420,"2026-01-25T07:00:20Z",0.825
1769328017,"2026-01-25T08:00:17Z",0.825
1769331639,"2026-01-25T09:00:39Z",0.825
1769335231,"2026-01-25T10:00:31Z",0.825
1769338816,"2026-01-25T11:00:16Z",0.825
1769342444,"2026-01-25T12:00:44Z",0.825
1769346029,"2026-01-25T13:00:29Z",0.825
1769349618,"2026-01-25T14:00:18Z",0.825
1769353220,"2026-01-25T15:00:20Z",0.825
1769356830,"2026-01-25T16:00:30Z",0.825
1769360430,"2026-01-25T17:00:30Z",0.825
1769364025,"2026-01-25T18:00:25Z",0.825
1769367617,"2026-01-25T19:00:17Z",0.825
1769371217,"2026-01-25T20:00:17Z",0.825
1769374824,"2026-01-25T21:00:24Z",0.825
1769378420,"2026-01-25T22:00:20Z",0.825
1769382017,"2026-01-25T23:00:17Z",0.825
1769385637,"2026-01-26T00:00:37Z",0.825
1769389217,"2026-01-26T01:00:17Z",0.825
1769392820,"2026-01-26T02:00:20Z",0.825
1769396419,"2026-01-26T03:00:19Z",0.825
1769400017,"2026-01-26T04:00:17Z",0.825
1769403616,"2026-01-26T05:00:16Z",0.825
1769407226,"2026-01-26T06:00:26Z",0.825
1769410818,"2026-01-26T07:00:18Z",0.825
1769414417,"2026-01-26T08:00:17Z",0.825
1769418027,"2026-01-26T09:00:27Z",0.825
1769421616,"2026-01-26T10:00:16Z",0.825
1769425220,"2026-01-26T11:00:20Z",0.825
1769428828,"2026-01-26T12:00:28Z",0.825
1769432421,"2026-01-26T13:00:21Z",0.835
1769436017,"2026-01-26T14:00:17Z",0.825
1769439621,"2026-01-26T15:00:21Z",0.825
1769443218,"2026-01-26T16:00:18Z",0.825
1769446824,"2026-01-26T17:00:24Z",0.825
1769450425,"2026-01-26T18:00:25Z",0.825
1769454018,"2026-01-26T19:00:18Z",0.825
1769457621,"2026-01-26T20:00:21Z",0.825
1769461221,"2026-01-26T21:00:21Z",0.825
1769464818,"2026-01-26T22:00:18Z",0.83
1769468418,"2026-01-26T23:00:18Z",0.835
1769472032,"2026-01-27T00:00:32Z",0.835
1769475615,"2026-01-27T01:00:15Z",0.835
1769479215,"2026-01-27T02:00:15Z",0.835
1769482823,"2026-01-27T03:00:23Z",0.835
1769486416,"2026-01-27T04:00:16Z",0.835
1769490015,"2026-01-27T05:00:15Z",0.835
1769493616,"2026-01-27T06:00:16Z",0.835
1769497223,"2026-01-27T07:00:23Z",0.835
1769500817,"2026-01-27T08:00:17Z",0.835
1769504418,"2026-01-27T09:00:18Z",0.835
1769508024,"2026-01-27T10:00:24Z",0.835
1769511616,"2026-01-27T11:00:16Z",0.835
1769515221,"2026-01-27T12:00:21Z",0.835
1769518829,"2026-01-27T13:00:29Z",0.835
1769522416,"2026-01-27T14:00:16Z",0.835
1769526017,"2026-01-27T15:00:17Z",0.835
1769529615,"2026-01-27T16:00:15Z",0.835
1769533216,"2026-01-27T17:00:16Z",0.835
1769536817,"2026-01-27T18:00:17Z",0.835
1769540417,"2026-01-27T19:00:17Z",0.835
1769544015,"2026-01-27T20:00:15Z",0.835
1769547617,"2026-01-27T21:00:17Z",0.835
1769551216,"2026-01-27T22:00:16Z",0.835
1769554817,"2026-01-27T23:00:17Z",0.825
1769558422,"2026-01-28T00:00:22Z",0.825
1769562026,"2026-01-28T01:00:26Z",0.825
1769565619,"2026-01-28T02:00:19Z",0.825
1769569219,"2026-01-28T03:00:19Z",0.83
1769572830,"2026-01-28T04:00:30Z",0.825
1769576416,"2026-01-28T05:00:16Z",0.835
1769580017,"2026-01-28T06:00:17Z",0.845
1769583617,"2026-01-28T07:00:17Z",0.835
1769587217,"2026-01-28T08:00:17Z",0.835
1769590821,"2026-01-28T09:00:21Z",0.835
1769594435,"2026-01-28T10:00:35Z",0.835
1769598017,"2026-01-28T11:00:17Z",0.835
1769601624,"2026-01-28T12:00:24Z",0.835
1769605230,"2026-01-28T13:00:30Z",0.835
1769608817,"2026-01-28T14:00:17Z",0.835
1769612418,"2026-01-28T15:00:18Z",0.835
1769616017,"2026-01-28T16:00:17Z",0.825
1769619619,"2026-01-28T17:00:19Z",0.835
1769623233,"2026-01-28T18:00:33Z",0.835
1769626817,"2026-01-28T19:00:17Z",0.835
1769630421,"2026-01-28T20:00:21Z",0.915
1769634018,"2026-01-28T21:00:18Z",0.905
1769637618,"2026-01-28T22:00:18Z",0.905
1769641218,"2026-01-28T23:00:18Z",0.905
1769644837,"2026-01-29T00:00:37Z",0.905
1769648418,"2026-01-29T01:00:18Z",0.905
1769652017,"2026-01-29T02:00:17Z",0.905
1769655621,"2026-01-29T03:00:21Z",0.905
1769659219,"2026-01-29T04:00:19Z",0.905
1769662818,"2026-01-29T05:00:18Z",0.905
1769666419,"2026-01-29T06:00:19Z",0.905
1769670019,"2026-01-29T07:00:19Z",0.905
1769673618,"2026-01-29T08:00:18Z",0.905
1769677221,"2026-01-29T09:00:21Z",0.905
1769680821,"2026-01-29T10:00:21Z",0.905
1769684419,"2026-01-29T11:00:19Z",0.915
1769688026,"2026-01-29T12:00:26Z",0.915
1769691618,"2026-01-29T13:00:18Z",0.915
1769695219,"2026-01-29T14:00:19Z",0.905
1769698820,"2026-01-29T15:00:20Z",0.905
1769702418,"2026-01-29T16:00:18Z",0.905
1769706019,"2026-01-29T17:00:19Z",0.915
1769709621,"2026-01-29T18:00:21Z",0.905
1769713219,"2026-01-29T19:00:19Z",0.915
1769716830,"2026-01-29T20:00:30Z",0.915
1769720422,"2026-01-29T21:00:22Z",0.915
1769724020,"2026-01-29T22:00:20Z",0.915
1769727619,"2026-01-29T23:00:19Z",0.905
1769731225,"2026-01-30T00:00:25Z",0.905
1769734819,"2026-01-30T01:00:19Z",0.905
1769738420,"2026-01-30T02:00:20Z",0.905
1769742021,"2026-01-30T03:00:21Z",0.905
1769745619,"2026-01-30T04:00:19Z",0.905
1769749219,"2026-01-30T05:00:19Z",0.905
1769752820,"2026-01-30T06:00:20Z",0.905
1769756419,"2026-01-30T07:00:19Z",0.905
1769760019,"2026-01-30T08:00:19Z",0.905
1769763637,"2026-01-30T09:00:37Z",0.905
1769767218,"2026-01-30T10:00:18Z",0.905
1769770835,"2026-01-30T11:00:35Z",0.905
1769774439,"2026-01-30T12:00:39Z",0.905
1769778019,"2026-01-30T13:00:19Z",0.905
1769781620,"2026-01-30T14:00:20Z",0.905
1769785223,"2026-01-30T15:00:23Z",0.905
1769788821,"2026-01-30T16:00:21Z",0.905
1769792422,"2026-01-30T17:00:22Z",0.915
1769796021,"2026-01-30T18:00:21Z",0.915
1769799620,"2026-01-30T19:00:20Z",0.915
1769803220,"2026-01-30T20:00:20Z",0.915
1769806822,"2026-01-30T21:00:22Z",0.915
1769810424,"2026-01-30T22:00:24Z",0.915
1769814019,"2026-01-30T23:00:19Z",0.915
1769817625,"2026-01-31T00:00:25Z",0.915
1769821219,"2026-01-31T01:00:19Z",0.915
1769824820,"2026-01-31T02:00:20Z",0.915
1769828421,"2026-01-31T03:00:21Z",0.915
1769832020,"2026-01-31T04:00:20Z",0.915
1769835620,"2026-01-31T05:00:20Z",0.915
1769839221,"2026-01-31T06:00:21Z",0.915
1769842820,"2026-01-31T07:00:20Z",0.915
1769846420,"2026-01-31T08:00:20Z",0.915
1769850037,"2026-01-31T09:00:37Z",0.915
1769853620,"2026-01-31T10:00:20Z",0.91
1769857219,"2026-01-31T11:00:19Z",0.905
1769860830,"2026-01-31T12:00:30Z",0.905
1769864422,"2026-01-31T13:00:22Z",0.905
1769868019,"2026-01-31T14:00:19Z",0.895
1769871624,"2026-01-31T15:00:24Z",0.895
1769875220,"2026-01-31T16:00:20Z",0.895
1769878832,"2026-01-31T17:00:32Z",0.885
1769882425,"2026-01-31T18:00:25Z",0.885
1769886022,"2026-01-31T19:00:22Z",0.885
1769889620,"2026-01-31T20:00:20Z",0.885
1769893239,"2026-01-31T21:00:39Z",0.885
1769896835,"2026-01-31T22:00:35Z",0.885
1769900419,"2026-01-31T23:00:19Z",0.885
1769904030,"2026-02-01T00:00:30Z",0.885
1769911218,"2026-02-01T02:00:18Z",0.885
1769914822,"2026-02-01T03:00:22Z",0.885
1769918419,"2026-02-01T04:00:19Z",0.885
1769922033,"2026-02-01T05:00:33Z",0.885
1769925622,"2026-02-01T06:00:22Z",0.885
1769929218,"2026-02-01T07:00:18Z",0.885
1769932817,"2026-02-01T08:00:17Z",0.885
1769936425,"2026-02-01T09:00:25Z",0.895
1769940018,"2026-02-01T10:00:18Z",0.885
1769943621,"2026-02-01T11:00:21Z",0.885
1769947227,"2026-02-01T12:00:27Z",0.885
1769950818,"2026-02-01T13:00:18Z",0.885
1769954432,"2026-02-01T14:00:32Z",0.885
1769958032,"2026-02-01T15:00:32Z",0.885
1769961633,"2026-02-01T16:00:33Z",0.885
1769965218,"2026-02-01T17:00:18Z",0.895
1769968819,"2026-02-01T18:00:19Z",0.895
1769972417,"2026-02-01T19:00:17Z",0.895
1769976021,"2026-02-01T20:00:21Z",0.885
1769979621,"2026-02-01T21:00:21Z",0.895
1769983219,"2026-02-01T22:00:19Z",0.895
1769986818,"2026-02-01T23:00:18Z",0.895
1769990425,"2026-02-02T00:00:25Z",0.895
1769994017,"2026-02-02T01:00:17Z",0.895
1769997645,"2026-02-02T02:00:45Z",0.895
1770001219,"2026-02-02T03:00:19Z",0.895
1770004818,"2026-02-02T04:00:18Z",0.895
1770008432,"2026-02-02T05:00:32Z",0.895
1770012020,"2026-02-02T06:00:20Z",0.895
1770015619,"2026-02-02T07:00:19Z",0.895
1770019218,"2026-02-02T08:00:18Z",0.895
1770022821,"2026-02-02T09:00:21Z",0.895
1770026419,"2026-02-02T10:00:19Z",0.895
1770030019,"2026-02-02T11:00:19Z",0.895
1770033628,"2026-02-02T12:00:28Z",0.895
1770037217,"2026-02-02T13:00:17Z",0.895
1770040831,"2026-02-02T14:00:31Z",0.895
1770044422,"2026-02-02T15:00:22Z",0.895
1770048018,"2026-02-02T16:00:18Z",0.895
1770051619,"2026-02-02T17:00:19Z",0.895
1770055221,"2026-02-02T18:00:21Z",0.895
1770058818,"2026-02-02T19:00:18Z",0.895
1770062420,"2026-02-02T20:00:20Z",0.895
1770066021,"2026-02-02T21:00:21Z",0.895
1770069617,"2026-02-02T22:00:17Z",0.895
1770073218,"2026-02-02T23:00:18Z",0.895
1770076827,"2026-02-03T00:00:27Z",0.895
1770080418,"2026-02-03T01:00:18Z",0.895
1770084017,"2026-02-03T02:00:17Z",0.895
1770087625,"2026-02-03T03:00:25Z",0.895
1770091218,"2026-02-03T04:00:18Z",0.895
1770094820,"2026-02-03T05:00:20Z",0.895
1770098421,"2026-02-03T06:00:21Z",0.895
1770102020,"2026-02-03T07:00:20Z",0.895
1770105620,"2026-02-03T08:00:20Z",0.895
1770109223,"2026-02-03T09:00:23Z",0.895
1770112822,"2026-02-03T10:00:22Z",0.895
1770116418,"2026-02-03T11:00:18Z",0.895
1770120032,"2026-02-03T12:00:32Z",0.895
1770123618,"2026-02-03T13:00:18Z",0.895
1770127233,"2026-02-03T14:00:33Z",0.895
1770130821,"2026-02-03T15:00:21Z",0.895
1770134419,"2026-02-03T16:00:19Z",0.905
1770138027,"2026-02-03T17:00:27Z",0.905
1770141623,"2026-02-03T18:00:23Z",0.905
1770145219,"2026-02-03T19:00:19Z",0.905
1770148821,"2026-02-03T20:00:21Z",0.905
1770152424,"2026-02-03T21:00:24Z",0.905
1770156018,"2026-02-03T22:00:18Z",0.905
1770159621,"2026-02-03T23:00:21Z",0.905
1770163238,"2026-02-04T00:00:38Z",0.905
1770166815,"2026-02-04T01:00:15Z",0.905
1770170417,"2026-02-04T02:00:17Z",0.905
1770174018,"2026-02-04T03:00:18Z",0.905
1770177616,"2026-02-04T04:00:16Z",0.905
1770181218,"2026-02-04T05:00:18Z",0.905
1770184818,"2026-02-04T06:00:18Z",0.905
1770188416,"2026-02-04T07:00:16Z",0.905
1770192016,"2026-02-04T08:00:16Z",0.905
1770195624,"2026-02-04T09:00:24Z",0.905
1770199216,"2026-02-04T10:00:16Z",0.905
1770202818,"2026-02-04T11:00:18Z",0.905
1770206428,"2026-02-04T12:00:28Z",0.905
1770210017,"2026-02-04T13:00:17Z",0.905
1770213617,"2026-02-04T14:00:17Z",0.905
1770217225,"2026-02-04T15:00:25Z",0.905
1770220831,"2026-02-04T16:00:31Z",0.905
1770224425,"2026-02-04T17:00:25Z",0.905
1770228026,"2026-02-04T18:00:26Z",0.905
1770231616,"2026-02-04T19:00:16Z",0.905
1770235219,"2026-02-04T20:00:19Z",0.905
1770238824,"2026-02-04T21:00:24Z",0.905
1770242417,"2026-02-04T22:00:17Z",0.905
1770246017,"2026-02-04T23:00:17Z",0.905
1770249624,"2026-02-05T00:00:24Z",0.905
1770253217,"2026-02-05T01:00:17Z",0.905
1770256817,"2026-02-05T02:00:17Z",0.905
1770260434,"2026-02-05T03:00:34Z",0.905
1770264017,"2026-02-05T04:00:17Z",0.905
1770267617,"2026-02-05T05:00:17Z",0.905
1770271221,"2026-02-05T06:00:21Z",0.905
1770274818,"2026-02-05T07:00:18Z",0.905
1770278417,"2026-02-05T08:00:17Z",0.905
1770282023,"2026-02-05T09:00:23Z",0.905
1770285619,"2026-02-05T10:00:19Z",0.905
1770289217,"2026-02-05T11:00:17Z",0.905
1770292831,"2026-02-05T12:00:31Z",0.905
1770296420,"2026-02-05T13:00:20Z",0.905
1770300018,"2026-02-05T14:00:18Z",0.895
1770303634,"2026-02-05T15:00:34Z",0.895
1770307218,"2026-02-05T16:00:18Z",0.795
1770310821,"2026-02-05T17:00:21Z",0.795
1770314423,"2026-02-05T18:00:23Z",0.775
1770318033,"2026-02-05T19:00:33Z",0.785
1770321634,"2026-02-05T20:00:34Z",0.785
1770323055,"2026-02-05T20:24:15Z",0.785
